{"stats":{"minecraft:killed":{"minecraft:pig":4,"minecraft:creeper":1,"minecraft:sheep":7,"minecraft:cow":1},"minecraft:picked_up":{"minecraft:crafting_table":7,"minecraft:wheat":11,"minecraft:clay_ball":7,"minecraft:leather_leggings":1,"minecraft:wooden_pickaxe":1,"minecraft:blue_concrete":1,"minecraft:brick":11,"minecraft:string":2,"minecraft:iron_axe":1,"minecraft:iron_shovel":1,"minecraft:cyan_carpet":24,"minecraft:beef":6,"minecraft:oak_boat":6,"minecraft:chest":1,"minecraft:sugar_cane":22,"minecraft:furnace":2,"minecraft:stick":53,"minecraft:oak_door":1,"minecraft:oak_fence":7,"minecraft:torch":25,"minecraft:acacia_log":3,"minecraft:porkchop":11,"minecraft:diorite":3,"minecraft:redstone":21,"minecraft:blue_carpet":4,"minecraft:cactus":1,"minecraft:arrow":64,"minecraft:rotten_flesh":6,"minecraft:mutton":16,"minecraft:white_wool":10,"minecraft:cobblestone":185,"minecraft:andesite":40,"minecraft:potato":18,"minecraft:oak_log":10,"minecraft:gunpowder":1,"minecraft:dirt":6,"minecraft:purple_carpet":3,"minecraft:apple":8,"minecraft:acacia_planks":10,"minecraft:light_blue_banner":1,"minecraft:kelp":45,"minecraft:wheat_seeds":24,"minecraft:iron_ingot":18,"minecraft:stone_pickaxe":1,"minecraft:iron_ore":44,"minecraft:oak_planks":4,"minecraft:stone_hoe":1,"minecraft:gravel":16,"minecraft:sand":41,"minecraft:white_bed":2,"minecraft:gold_ore":14,"minecraft:stone_axe":1,"minecraft:lever":1,"minecraft:light_blue_carpet":36,"minecraft:granite":2,"minecraft:diamond_axe":1,"minecraft:bone_meal":6,"minecraft:bread":8,"minecraft:emerald":26,"minecraft:blue_banner":12,"minecraft:oak_sapling":1,"minecraft:bricks":17,"minecraft:coal":163,"minecraft:ender_pearl":1},"minecraft:custom":{"minecraft:mob_kills":13,"minecraft:animals_bred":6,"minecraft:interact_with_crafting_table":23,"minecraft:bell_ring":31,"minecraft:leave_game":2,"minecraft:time_since_death":20481,"minecraft:climb_one_cm":289,"minecraft:sprint_one_cm":78408,"minecraft:walk_one_cm":448701,"minecraft:damage_blocked_by_shield":100,"minecraft:drop":15,"minecraft:talked_to_villager":64,"minecraft:deaths":2,"minecraft:sneak_time":2967,"minecraft:walk_under_water_one_cm":105602,"minecraft:boat_one_cm":99195,"minecraft:jump":1459,"minecraft:interact_with_blast_furnace":1,"minecraft:walk_on_water_one_cm":45065,"minecraft:interact_with_furnace":80,"minecraft:traded_with_villager":35,"minecraft:play_one_minute":245870,"minecraft:sleep_in_bed":2,"minecraft:time_since_rest":20504,"minecraft:damage_taken":516,"minecraft:damage_dealt":1224,"minecraft:swim_one_cm":7998,"minecraft:fly_one_cm":527046,"minecraft:open_chest":17,"minecraft:crouch_one_cm":704,"minecraft:fall_one_cm":23800},"minecraft:crafted":{"minecraft:brick":46,"minecraft:oak_door":3,"minecraft:oak_planks":140,"minecraft:furnace":7,"minecraft:terracotta":1,"minecraft:iron_boots":1,"minecraft:iron_axe":2,"minecraft:stone_pickaxe":2,"minecraft:bricks":19,"minecraft:stone_hoe":2,"minecraft:pumpkin":4,"minecraft:emerald":22,"minecraft:cooked_porkchop":51,"minecraft:diamond_axe":1,"minecraft:crafting_table":4,"minecraft:bucket":1,"minecraft:podzol":18,"minecraft:air":0,"minecraft:oak_fence_gate":1,"minecraft:oak_boat":1,"minecraft:iron_chestplate":1,"minecraft:stick":80,"minecraft:iron_ingot":44,"minecraft:iron_pickaxe":1,"minecraft:iron_block":3,"minecraft:gold_ingot":14,"minecraft:iron_shovel":1,"minecraft:iron_leggings":1,"minecraft:anvil":1,"minecraft:white_bed":1,"minecraft:acacia_planks":12,"minecraft:torch":232},"minecraft:used":{"minecraft:oak_fence":37,"minecraft:light_blue_banner":19,"minecraft:nether_brick_fence":123,"minecraft:light_blue_stained_glass_pane":63,"minecraft:blue_terracotta":94,"minecraft:redstone":3,"minecraft:ladder":1,"minecraft:chest":33,"minecraft:iron_sword":2,"minecraft:oak_door":4,"minecraft:torch":52,"minecraft:dirt":2,"minecraft:soul_sand":3,"minecraft:anvil":1,"minecraft:prismarine_brick_stairs":47,"minecraft:granite":2,"minecraft:light_blue_stained_glass":85,"minecraft:blue_concrete":67,"minecraft:oak_fence_gate":1,"minecraft:glass":26,"minecraft:sea_lantern":63,"minecraft:bricks":10,"minecraft:grass_block":5,"minecraft:iron_axe":10,"minecraft:slime_block":26,"minecraft:stone_brick_stairs":46,"minecraft:blue_banner":21,"minecraft:magma_block":2,"minecraft:bow":5,"minecraft:furnace":9,"minecraft:light_blue_carpet":101,"minecraft:wheat_seeds":5,"minecraft:water_bucket":49,"minecraft:light_blue_glazed_terracotta":372,"minecraft:stone_pickaxe":126,"minecraft:oak_planks":45,"minecraft:cactus":1,"minecraft:wooden_pickaxe":59,"minecraft:redstone_block":4,"minecraft:diamond_axe":6,"minecraft:sugar_cane":22,"minecraft:dark_oak_trapdoor":27,"minecraft:sand":8,"minecraft:crafting_table":11,"minecraft:white_bed":3,"minecraft:dark_oak_fence_gate":30,"minecraft:stone_brick_wall":106,"minecraft:lever":14,"minecraft:blue_glazed_terracotta":196,"minecraft:apple":1,"minecraft:heavy_weighted_pressure_plate":2,"minecraft:bread":5,"minecraft:iron_pickaxe":253,"minecraft:cyan_carpet":77,"minecraft:iron_door":12,"minecraft:stone_axe":27,"minecraft:blue_carpet":10,"minecraft:cobblestone":43,"minecraft:bucket":21,"minecraft:oak_boat":4,"minecraft:kelp":57,"minecraft:purple_carpet":14},"minecraft:broken":{"minecraft:wooden_pickaxe":1},"minecraft:mined":{"minecraft:white_bed":2,"minecraft:light_blue_carpet":6,"minecraft:granite":2,"minecraft:grass_block":7,"minecraft:blue_concrete":1,"minecraft:redstone_ore":5,"minecraft:furnace":2,"minecraft:iron_ore":44,"minecraft:andesite":20,"minecraft:stone":160,"minecraft:oak_fence":8,"minecraft:crafting_table":7,"minecraft:torch":4,"minecraft:chest":1,"minecraft:sugar_cane":8,"minecraft:bricks":18,"minecraft:diorite":3,"minecraft:cactus":1,"minecraft:wheat":5,"minecraft:birch_leaves":1,"minecraft:grass":14,"minecraft:coal_ore":165,"minecraft:oak_log":6,"minecraft:cyan_carpet":5,"minecraft:gravel":8,"minecraft:sand":22,"minecraft:gold_ore":14,"minecraft:oak_leaves":2},"minecraft:dropped":{"minecraft:stone_hoe":1,"minecraft:cobblestone":3,"minecraft:diorite":3,"minecraft:torch":20,"minecraft:cyan_carpet":1,"minecraft:rotten_flesh":2,"minecraft:oak_planks":1,"minecraft:leather_chestplate":1,"minecraft:leather_boots":1,"minecraft:oak_boat":1,"minecraft:leather_leggings":2}},"DataVersion":1976}