{"stats":{"minecraft:killed":{"minecraft:spider":3,"minecraft:skeleton":1,"minecraft:zombie":3,"minecraft:cow":4},"minecraft:crafted":{"minecraft:oak_planks":32,"minecraft:crafting_table":2,"minecraft:iron_helmet":1,"minecraft:iron_sword":1,"minecraft:furnace":1,"minecraft:bucket":1,"minecraft:jungle_planks":8,"minecraft:oak_boat":1,"minecraft:iron_boots":1,"minecraft:diamond_pickaxe":1,"minecraft:charcoal":3,"minecraft:shield":1,"minecraft:iron_axe":1,"minecraft:stick":28,"minecraft:iron_ingot":21,"minecraft:iron_pickaxe":1,"minecraft:stone_pickaxe":7,"minecraft:gold_ingot":16,"minecraft:torch":76},"minecraft:picked_up":{"minecraft:wooden_axe":1,"minecraft:crafting_table":4,"minecraft:salmon":3,"minecraft:andesite":25,"minecraft:jungle_log":2,"minecraft:leather":2,"minecraft:wooden_pickaxe":1,"minecraft:flint":1,"minecraft:oak_log":23,"minecraft:yellow_bed":1,"minecraft:dirt":23,"minecraft:apple":1,"minecraft:wheat_seeds":4,"minecraft:bucket":1,"minecraft:beef":9,"minecraft:stone_pickaxe":1,"minecraft:iron_ore":45,"minecraft:chest":1,"minecraft:oak_planks":3,"minecraft:furnace":3,"minecraft:stick":10,"minecraft:torch":8,"minecraft:gravel":11,"minecraft:diorite":20,"minecraft:white_bed":1,"minecraft:redstone":93,"minecraft:gold_ore":21,"minecraft:spider_eye":2,"minecraft:arrow":2,"minecraft:rotten_flesh":3,"minecraft:diamond":14,"minecraft:granite":7,"minecraft:obsidian":13,"minecraft:coal":53,"minecraft:cobblestone":414},"minecraft:used":{"minecraft:water_bucket":16,"minecraft:stone_pickaxe":435,"minecraft:wooden_pickaxe":14,"minecraft:iron_sword":82,"minecraft:salmon":3,"minecraft:torch":31,"minecraft:dirt":23,"minecraft:crafting_table":4,"minecraft:white_bed":1,"minecraft:wooden_axe":27,"minecraft:diamond_pickaxe":38,"minecraft:apple":1,"minecraft:iron_axe":17,"minecraft:iron_pickaxe":80,"minecraft:cobblestone":197,"minecraft:beef":9,"minecraft:furnace":3,"minecraft:bucket":17},"minecraft:dropped":{"minecraft:cobblestone":289,"minecraft:oak_planks":1,"minecraft:diorite":20,"minecraft:andesite":25,"minecraft:stone_pickaxe":1,"minecraft:bucket":1},"minecraft:custom":{"minecraft:interact_with_furnace":18,"minecraft:mob_kills":11,"minecraft:interact_with_crafting_table":16,"minecraft:play_one_minute":67752,"minecraft:leave_game":3,"minecraft:time_since_death":67752,"minecraft:sleep_in_bed":1,"minecraft:time_since_rest":66,"minecraft:sprint_one_cm":34841,"minecraft:damage_blocked_by_shield":20,"minecraft:damage_taken":424,"minecraft:walk_one_cm":123295,"minecraft:drop":13,"minecraft:damage_dealt":1657,"minecraft:talked_to_villager":1,"minecraft:fly_one_cm":43094,"minecraft:open_chest":2,"minecraft:crouch_one_cm":96,"minecraft:sneak_time":86,"minecraft:walk_under_water_one_cm":5411,"minecraft:jump":577,"minecraft:walk_on_water_one_cm":38943,"minecraft:fall_one_cm":7507},"minecraft:mined":{"minecraft:diamond_ore":14,"minecraft:white_bed":1,"minecraft:obsidian":15,"minecraft:crafting_table":4,"minecraft:torch":4,"minecraft:granite":7,"minecraft:grass_block":6,"minecraft:chest":1,"minecraft:cobblestone":9,"minecraft:diorite":10,"minecraft:wall_torch":3,"minecraft:redstone_ore":21,"minecraft:furnace":3,"minecraft:iron_ore":47,"minecraft:andesite":31,"minecraft:yellow_bed":1,"minecraft:grass":49,"minecraft:oak_log":23,"minecraft:coal_ore":53,"minecraft:gravel":12,"minecraft:dirt":17,"minecraft:stone":321,"minecraft:gold_ore":21,"minecraft:oak_leaves":4}},"DataVersion":1976}