{"stats":{"minecraft:picked_up":{"minecraft:crafting_table":4,"minecraft:wheat":5,"minecraft:andesite":20,"minecraft:wooden_pickaxe":1,"minecraft:oak_log":10,"minecraft:dirt":5,"minecraft:acacia_planks":5,"minecraft:apple":1,"minecraft:kelp":24,"minecraft:wheat_seeds":17,"minecraft:beef":3,"minecraft:oak_boat":5,"minecraft:iron_ore":5,"minecraft:sugar_cane":22,"minecraft:chest":1,"minecraft:oak_planks":4,"minecraft:furnace":1,"minecraft:torch":4,"minecraft:acacia_log":3,"minecraft:gravel":8,"minecraft:porkchop":2,"minecraft:sand":19,"minecraft:white_bed":1,"minecraft:rotten_flesh":2,"minecraft:stone_axe":1,"minecraft:lever":1,"minecraft:granite":2,"minecraft:bone_meal":3,"minecraft:emerald":13,"minecraft:bread":3,"minecraft:oak_sapling":1,"minecraft:coal":40,"minecraft:mutton":8,"minecraft:white_wool":6,"minecraft:cobblestone":116},"minecraft:dropped":{"minecraft:oak_planks":1,"minecraft:oak_boat":1},"minecraft:mined":{"minecraft:white_bed":1,"minecraft:crafting_table":4,"minecraft:torch":4,"minecraft:granite":2,"minecraft:grass_block":7,"minecraft:chest":1,"minecraft:sugar_cane":8,"minecraft:furnace":1,"minecraft:iron_ore":5,"minecraft:wheat":5,"minecraft:birch_leaves":1,"minecraft:andesite":20,"minecraft:grass":10,"minecraft:coal_ore":40,"minecraft:oak_log":6,"minecraft:gravel":8,"minecraft:sand":19,"minecraft:stone":116,"minecraft:oak_leaves":2},"minecraft:used":{"minecraft:wheat_seeds":5,"minecraft:light_blue_banner":19,"minecraft:water_bucket":25,"minecraft:blue_terracotta":66,"minecraft:light_blue_glazed_terracotta":148,"minecraft:redstone":3,"minecraft:stone_pickaxe":126,"minecraft:ladder":1,"minecraft:chest":1,"minecraft:wooden_pickaxe":59,"minecraft:redstone_block":4,"minecraft:sugar_cane":22,"minecraft:torch":4,"minecraft:soul_sand":2,"minecraft:sand":2,"minecraft:dark_oak_trapdoor":27,"minecraft:dirt":2,"minecraft:crafting_table":6,"minecraft:white_bed":1,"minecraft:dark_oak_fence_gate":12,"minecraft:stone_brick_wall":106,"minecraft:light_blue_stained_glass":85,"minecraft:blue_concrete":56,"minecraft:granite":2,"minecraft:lever":14,"minecraft:blue_glazed_terracotta":192,"minecraft:sea_lantern":42,"minecraft:apple":1,"minecraft:heavy_weighted_pressure_plate":2,"minecraft:slime_block":25,"minecraft:bread":4,"minecraft:iron_door":12,"minecraft:stone_brick_stairs":46,"minecraft:blue_banner":21,"minecraft:stone_axe":27,"minecraft:blue_carpet":10,"minecraft:magma_block":2,"minecraft:cobblestone":4,"minecraft:furnace":4,"minecraft:bucket":2,"minecraft:oak_boat":4,"minecraft:kelp":28},"minecraft:broken":{"minecraft:wooden_pickaxe":1},"minecraft:killed":{"minecraft:pig":1,"minecraft:sheep":6,"minecraft:cow":1},"minecraft:custom":{"minecraft:interact_with_furnace":31,"minecraft:mob_kills":8,"minecraft:traded_with_villager":25,"minecraft:interact_with_crafting_table":10,"minecraft:play_one_minute":120330,"minecraft:leave_game":1,"minecraft:time_since_death":120330,"minecraft:sleep_in_bed":1,"minecraft:climb_one_cm":289,"minecraft:time_since_rest":75817,"minecraft:sprint_one_cm":63769,"minecraft:damage_taken":216,"minecraft:walk_one_cm":157289,"minecraft:drop":2,"minecraft:damage_dealt":680,"minecraft:swim_one_cm":7657,"minecraft:talked_to_villager":33,"minecraft:fly_one_cm":352651,"minecraft:open_chest":4,"minecraft:crouch_one_cm":201,"minecraft:sneak_time":1769,"minecraft:walk_under_water_one_cm":69777,"minecraft:boat_one_cm":99195,"minecraft:jump":837,"minecraft:interact_with_blast_furnace":1,"minecraft:walk_on_water_one_cm":24755,"minecraft:fall_one_cm":15972},"minecraft:crafted":{"minecraft:brick":46,"minecraft:oak_planks":40,"minecraft:emerald":22,"minecraft:diamond_axe":1,"minecraft:crafting_table":2,"minecraft:furnace":3,"minecraft:air":0,"minecraft:terracotta":1,"minecraft:oak_boat":1,"minecraft:iron_axe":1,"minecraft:stick":68,"minecraft:iron_ingot":5,"minecraft:iron_pickaxe":1,"minecraft:stone_pickaxe":2,"minecraft:iron_shovel":1,"minecraft:white_bed":1,"minecraft:bricks":19,"minecraft:acacia_planks":12,"minecraft:torch":20,"minecraft:stone_hoe":2}},"DataVersion":1976}