{"stats":{"minecraft:broken":{"minecraft:wooden_axe":1},"minecraft:picked_up":{"minecraft:birch_log":4,"minecraft:charcoal":10,"minecraft:salmon":2,"minecraft:andesite":15,"minecraft:leather":2,"minecraft:lead":1,"minecraft:wooden_pickaxe":1,"minecraft:potato":1,"minecraft:cooked_rabbit":1,"minecraft:oak_log":6,"minecraft:gunpowder":20,"minecraft:lapis_lazuli":17,"minecraft:string":24,"minecraft:dirt":91,"minecraft:cooked_salmon":2,"minecraft:bone":24,"minecraft:apple":5,"minecraft:bow":1,"minecraft:wheat_seeds":11,"minecraft:iron_ingot":1,"minecraft:beef":2,"minecraft:minecart":1,"minecraft:iron_ore":68,"minecraft:rabbit":1,"minecraft:poppy":4,"minecraft:sugar_cane":6,"minecraft:enchanted_golden_apple":1,"minecraft:chest":4,"minecraft:oak_planks":12,"minecraft:stick":7,"minecraft:sandstone":4,"minecraft:torch":15,"minecraft:acacia_log":30,"minecraft:gravel":10,"minecraft:sand":6,"minecraft:ink_sac":2,"minecraft:diorite":31,"minecraft:spider_eye":3,"minecraft:pumpkin_seeds":3,"minecraft:stripped_acacia_log":2,"minecraft:cactus":8,"minecraft:arrow":18,"minecraft:rotten_flesh":28,"minecraft:diamond":8,"minecraft:granite":11,"minecraft:mutton":8,"minecraft:coal":69,"minecraft:rail":6,"minecraft:white_wool":6,"minecraft:cobblestone":365},"minecraft:crafted":{"minecraft:oak_planks":24,"minecraft:wooden_shovel":1,"minecraft:crafting_table":1,"minecraft:furnace":1,"minecraft:birch_planks":16,"minecraft:air":0,"minecraft:bow":1,"minecraft:charcoal":3,"minecraft:shield":1,"minecraft:stick":72,"minecraft:iron_ingot":62,"minecraft:iron_pickaxe":1,"minecraft:stone_pickaxe":9,"minecraft:iron_block":3,"minecraft:anvil":1,"minecraft:white_bed":1,"minecraft:acacia_planks":108,"minecraft:torch":196},"minecraft:killed":{"minecraft:husk":3,"minecraft:cave_spider":6,"minecraft:salmon":3,"minecraft:rabbit":2,"minecraft:spider":7,"minecraft:creeper":8,"minecraft:squid":1,"minecraft:sheep":6,"minecraft:skeleton":19,"minecraft:trader_llama":1,"minecraft:zombie":20,"minecraft:enderman":1,"minecraft:cow":1},"minecraft:custom":{"minecraft:interact_with_furnace":14,"minecraft:mob_kills":78,"minecraft:interact_with_crafting_table":29,"minecraft:play_one_minute":123929,"minecraft:interact_with_campfire":3,"minecraft:leave_game":2,"minecraft:time_since_death":11778,"minecraft:sleep_in_bed":5,"minecraft:time_since_rest":5373,"minecraft:sprint_one_cm":177874,"minecraft:damage_taken":3121,"minecraft:walk_one_cm":242484,"minecraft:damage_blocked_by_shield":820,"minecraft:drop":1,"minecraft:minecart_one_cm":1064,"minecraft:damage_dealt":12909,"minecraft:talked_to_villager":2,"minecraft:swim_one_cm":30512,"minecraft:fly_one_cm":208129,"minecraft:open_chest":24,"minecraft:crouch_one_cm":1332,"minecraft:deaths":5,"minecraft:sneak_time":1088,"minecraft:walk_under_water_one_cm":5147,"minecraft:jump":1624,"minecraft:walk_on_water_one_cm":19875,"minecraft:fall_one_cm":32635},"minecraft:dropped":{"minecraft:ink_sac":2},"minecraft:used":{"minecraft:stone_pickaxe":585,"minecraft:oak_planks":3,"minecraft:chest":4,"minecraft:wooden_pickaxe":4,"minecraft:sandstone":1,"minecraft:cooked_salmon":2,"minecraft:diamond_axe":233,"minecraft:wooden_shovel":38,"minecraft:rotten_flesh":5,"minecraft:torch":66,"minecraft:anvil":1,"minecraft:sand":16,"minecraft:dirt":17,"minecraft:rail":6,"minecraft:crafting_table":1,"minecraft:campfire":7,"minecraft:white_bed":1,"minecraft:wooden_axe":37,"minecraft:activator_rail":2,"minecraft:iron_pickaxe":42,"minecraft:bow":12,"minecraft:cobblestone":204,"minecraft:furnace":1,"minecraft:cooked_rabbit":42,"minecraft:minecart":1},"minecraft:killed_by":{"minecraft:cave_spider":1,"minecraft:creeper":1},"minecraft:mined":{"minecraft:diamond_ore":8,"minecraft:acacia_leaves":4,"minecraft:torch":2,"minecraft:granite":14,"minecraft:poppy":1,"minecraft:acacia_log":26,"minecraft:grass_block":13,"minecraft:chest":3,"minecraft:dead_bush":7,"minecraft:campfire":5,"minecraft:cobblestone":69,"minecraft:lapis_ore":2,"minecraft:sugar_cane":5,"minecraft:diorite":32,"minecraft:sandstone":4,"minecraft:wall_torch":8,"minecraft:cactus":5,"minecraft:iron_ore":69,"minecraft:andesite":15,"minecraft:grass":48,"minecraft:oak_log":6,"minecraft:coal_ore":68,"minecraft:gravel":10,"minecraft:sand":8,"minecraft:dirt":31,"minecraft:stripped_acacia_log":2,"minecraft:stone":330}},"DataVersion":1976}