{"stats":{"minecraft:mined":{"minecraft:cut_sandstone":3,"minecraft:glass_pane":1,"minecraft:stone_pressure_plate":1,"minecraft:white_bed":2,"minecraft:torch":8,"minecraft:granite":1,"minecraft:grass_block":3,"minecraft:acacia_log":4,"minecraft:dead_bush":1,"minecraft:cobblestone":2,"minecraft:grindstone":1,"minecraft:sugar_cane":49,"minecraft:sandstone":1,"minecraft:wall_torch":37,"minecraft:hay_block":17,"minecraft:iron_ore":120,"minecraft:wheat":3,"minecraft:acacia_stairs":1,"minecraft:andesite":4,"minecraft:fletching_table":1,"minecraft:tnt":9,"minecraft:anvil":3,"minecraft:grass_path":2,"minecraft:grass":55,"minecraft:coal_ore":19,"minecraft:acacia_fence":4,"minecraft:dirt":3,"minecraft:sand":4,"minecraft:acacia_planks":4,"minecraft:stone":48,"minecraft:white_wool":3,"minecraft:orange_bed":3},"minecraft:killed":{"minecraft:evoker":1,"minecraft:husk":6,"minecraft:pig":14,"minecraft:witch":6,"minecraft:salmon":1,"minecraft:spider":3,"minecraft:vindicator":7,"minecraft:wandering_trader":1,"minecraft:ravager":1,"minecraft:sheep":5,"minecraft:skeleton":9,"minecraft:trader_llama":3,"minecraft:pillager":18,"minecraft:zombie":6,"minecraft:cow":1},"minecraft:broken":{"minecraft:stone_pickaxe":1,"minecraft:iron_boots":1,"minecraft:iron_helmet":1},"minecraft:custom":{"minecraft:interact_with_furnace":31,"minecraft:mob_kills":82,"minecraft:interact_with_cartography_table":3,"minecraft:interact_with_crafting_table":28,"minecraft:play_one_minute":124700,"minecraft:raid_trigger":1,"minecraft:bell_ring":69,"minecraft:interact_with_stonecutter":1,"minecraft:leave_game":2,"minecraft:time_since_death":78073,"minecraft:sleep_in_bed":6,"minecraft:time_since_rest":8078,"minecraft:sprint_one_cm":246017,"minecraft:damage_taken":6366,"minecraft:walk_one_cm":286846,"minecraft:damage_blocked_by_shield":510,"minecraft:drop":10,"minecraft:minecart_one_cm":4011,"minecraft:damage_dealt":15679,"minecraft:swim_one_cm":46422,"minecraft:talked_to_villager":21,"minecraft:fly_one_cm":266695,"minecraft:raid_win":1,"minecraft:open_chest":45,"minecraft:crouch_one_cm":82,"minecraft:deaths":2,"minecraft:sneak_time":147,"minecraft:walk_under_water_one_cm":3819,"minecraft:jump":1717,"minecraft:walk_on_water_one_cm":17141,"minecraft:fall_one_cm":38524,"minecraft:horse_one_cm":266381},"minecraft:picked_up":{"minecraft:anvil":7,"minecraft:andesite":4,"minecraft:leather":4,"minecraft:cut_sandstone":3,"minecraft:lead":9,"minecraft:string":1,"minecraft:dirt":4,"minecraft:white_banner":6,"minecraft:acacia_door":1,"minecraft:bone":7,"minecraft:acacia_planks":3,"minecraft:wheat_seeds":11,"minecraft:grindstone":1,"minecraft:iron_ore":118,"minecraft:fletching_table":1,"minecraft:minecart":6,"minecraft:sugar_cane":85,"minecraft:sandstone":6,"minecraft:acacia_fence":4,"minecraft:torch":94,"minecraft:acacia_log":3,"minecraft:sand":2,"minecraft:porkchop":27,"minecraft:white_bed":2,"minecraft:carrot":1,"minecraft:acacia_stairs":1,"minecraft:spider_eye":2,"minecraft:stone_pressure_plate":3,"minecraft:tnt":9,"minecraft:orange_bed":3,"minecraft:sugar":8,"minecraft:arrow":9,"minecraft:rotten_flesh":17,"minecraft:hay_block":17,"minecraft:crossbow":3,"minecraft:granite":1,"minecraft:totem_of_undying":1,"minecraft:saddle":2,"minecraft:emerald":6,"minecraft:coal":17,"minecraft:white_wool":7,"minecraft:cobblestone":42},"minecraft:used":{"minecraft:lead":13,"minecraft:stone_pickaxe":104,"minecraft:sandstone":6,"minecraft:cut_sandstone":3,"minecraft:stonecutter":1,"minecraft:fletching_table":1,"minecraft:diamond_axe":267,"minecraft:orange_bed":3,"minecraft:white_wool":4,"minecraft:torch":63,"minecraft:dirt":3,"minecraft:anvil":7,"minecraft:crafting_table":1,"minecraft:crossbow":5,"minecraft:white_bed":2,"minecraft:granite":1,"minecraft:acacia_door":1,"minecraft:string":1,"minecraft:iron_pickaxe":108,"minecraft:cobblestone":40,"minecraft:bow":8,"minecraft:white_banner":5,"minecraft:acacia_fence":5,"minecraft:porkchop":1,"minecraft:cooked_porkchop":10,"minecraft:furnace":3,"minecraft:grindstone":1,"minecraft:minecart":6,"minecraft:cooked_rabbit":22,"minecraft:andesite":4,"minecraft:stone_pressure_plate":1,"minecraft:acacia_planks":9},"minecraft:dropped":{"minecraft:wheat_seeds":5,"minecraft:rotten_flesh":7,"minecraft:stone_pressure_plate":2},"minecraft:crafted":{"minecraft:cooked_porkchop":26,"minecraft:iron_nugget":4,"minecraft:crafting_table":1,"minecraft:iron_helmet":1,"minecraft:furnace":3,"minecraft:stone":7,"minecraft:air":0,"minecraft:iron_boots":1,"minecraft:iron_chestplate":1,"minecraft:paper":87,"minecraft:shield":1,"minecraft:iron_ingot":91,"minecraft:iron_pickaxe":1,"minecraft:stonecutter":1,"minecraft:iron_leggings":1,"minecraft:acacia_fence":3,"minecraft:filled_map":4,"minecraft:white_bed":1,"minecraft:acacia_planks":12,"minecraft:wheat":153}},"DataVersion":1976}