{"stats":{"minecraft:killed":{"minecraft:witch":1,"minecraft:zombie":1},"minecraft:custom":{"minecraft:interact_with_furnace":34,"minecraft:mob_kills":3,"minecraft:interact_with_crafting_table":15,"minecraft:play_one_minute":50531,"minecraft:leave_game":1,"minecraft:time_since_death":27365,"minecraft:time_since_rest":27394,"minecraft:sprint_one_cm":14879,"minecraft:damage_taken":695,"minecraft:walk_one_cm":60066,"minecraft:drop":5,"minecraft:damage_dealt":739,"minecraft:swim_one_cm":16816,"minecraft:talked_to_villager":3,"minecraft:fly_one_cm":402963,"minecraft:open_chest":21,"minecraft:crouch_one_cm":304,"minecraft:deaths":1,"minecraft:sneak_time":1052,"minecraft:walk_under_water_one_cm":22062,"minecraft:jump":325,"minecraft:walk_on_water_one_cm":6019,"minecraft:fall_one_cm":1467},"minecraft:picked_up":{"minecraft:charcoal":2,"minecraft:crafting_table":1,"minecraft:andesite":36,"minecraft:brown_mushroom":8,"minecraft:flint":1,"minecraft:gunpowder":2,"minecraft:dirt":110,"minecraft:blue_bed":1,"minecraft:iron_ore":97,"minecraft:chest":1,"minecraft:oak_planks":13,"minecraft:stick":1,"minecraft:sandstone":27,"minecraft:sweet_berries":20,"minecraft:torch":5,"minecraft:gravel":46,"minecraft:sand":69,"minecraft:spruce_sapling":1,"minecraft:diorite":69,"minecraft:spruce_log":59,"minecraft:gold_ore":5,"minecraft:redstone":78,"minecraft:rotten_flesh":1,"minecraft:granite":33,"minecraft:coal":66,"minecraft:cobblestone":668,"minecraft:ender_pearl":1},"minecraft:mined":{"minecraft:podzol":2,"minecraft:brown_mushroom":8,"minecraft:crafting_table":1,"minecraft:torch":4,"minecraft:chest":1,"minecraft:campfire":1,"minecraft:wall_torch":1,"minecraft:blue_bed":1,"minecraft:spruce_stairs":2,"minecraft:sweet_berry_bush":8,"minecraft:spruce_log":42,"minecraft:coal_ore":37,"minecraft:sand":2,"minecraft:dirt":2,"minecraft:stone":14},"minecraft:dropped":{"minecraft:gravel":2,"minecraft:cobblestone":192,"minecraft:oak_planks":13},"minecraft:crafted":{"minecraft:crafting_table":1,"minecraft:spruce_planks":68,"minecraft:iron_helmet":1,"minecraft:iron_sword":1,"minecraft:furnace":4,"minecraft:cooked_salmon":1,"minecraft:bucket":2,"minecraft:stone_axe":1,"minecraft:air":0,"minecraft:iron_boots":1,"minecraft:iron_chestplate":1,"minecraft:wooden_hoe":1,"minecraft:shield":2,"minecraft:iron_axe":1,"minecraft:stick":24,"minecraft:iron_ingot":94,"minecraft:iron_pickaxe":3,"minecraft:stone_pickaxe":2,"minecraft:chest":2,"minecraft:iron_shovel":1,"minecraft:iron_leggings":1},"minecraft:used":{"minecraft:stone_pickaxe":38,"minecraft:chest":2,"minecraft:spruce_planks":1,"minecraft:wooden_pickaxe":14,"minecraft:torch":1,"minecraft:crafting_table":2,"minecraft:wooden_axe":50,"minecraft:command_block":2,"minecraft:stone_button":1,"minecraft:stone_axe":24,"minecraft:cobblestone":2,"minecraft:furnace":4}},"DataVersion":1976}