{"stats":{"minecraft:killed":{"minecraft:witch":1,"minecraft:spider":1,"minecraft:wandering_trader":1,"minecraft:trader_llama":2,"minecraft:zombie":1,"minecraft:drowned":1},"minecraft:dropped":{"minecraft:gravel":2,"minecraft:cobblestone":192,"minecraft:oak_planks":13,"minecraft:shield":1},"minecraft:crafted":{"minecraft:crafting_table":1,"minecraft:spruce_planks":92,"minecraft:iron_helmet":1,"minecraft:iron_sword":1,"minecraft:furnace":4,"minecraft:cooked_salmon":1,"minecraft:bucket":2,"minecraft:pumpkin_seeds":20,"minecraft:stone_axe":1,"minecraft:air":0,"minecraft:iron_boots":1,"minecraft:iron_chestplate":1,"minecraft:wooden_hoe":1,"minecraft:shield":2,"minecraft:iron_axe":1,"minecraft:iron_hoe":1,"minecraft:stick":24,"minecraft:iron_ingot":94,"minecraft:iron_pickaxe":3,"minecraft:stone_pickaxe":2,"minecraft:chest":2,"minecraft:iron_shovel":1,"minecraft:iron_leggings":1,"minecraft:torch":44},"minecraft:used":{"minecraft:iron_shovel":134,"minecraft:birch_planks":134,"minecraft:spruce_slab":29,"minecraft:stone_pickaxe":42,"minecraft:oak_planks":540,"minecraft:spruce_planks":152,"minecraft:chest":3,"minecraft:wooden_pickaxe":14,"minecraft:iron_sword":33,"minecraft:blue_bed":1,"minecraft:torch":1,"minecraft:crafting_table":2,"minecraft:spruce_stairs":128,"minecraft:spruce_fence":9,"minecraft:stripped_spruce_log":68,"minecraft:spruce_log":16,"minecraft:oak_log":53,"minecraft:wooden_axe":50,"minecraft:lantern":2,"minecraft:birch_slab":147,"minecraft:command_block":2,"minecraft:iron_axe":63,"minecraft:stone_button":1,"minecraft:spruce_trapdoor":69,"minecraft:dark_oak_slab":125,"minecraft:stone_bricks":19,"minecraft:stone_axe":35,"minecraft:cobblestone":199,"minecraft:furnace":4,"minecraft:glass_pane":32,"minecraft:smooth_stone":213,"minecraft:stripped_spruce_wood":71,"minecraft:birch_stairs":41},"minecraft:picked_up":{"minecraft:charcoal":2,"minecraft:crafting_table":1,"minecraft:andesite":36,"minecraft:brown_mushroom":8,"minecraft:flint":1,"minecraft:gunpowder":2,"minecraft:string":2,"minecraft:blue_bed":2,"minecraft:dirt":243,"minecraft:wheat_seeds":1,"minecraft:iron_ore":97,"minecraft:chest":1,"minecraft:oak_planks":13,"minecraft:furnace":4,"minecraft:stick":5,"minecraft:sandstone":27,"minecraft:pumpkin":5,"minecraft:sweet_berries":20,"minecraft:torch":5,"minecraft:gravel":46,"minecraft:sand":70,"minecraft:spruce_sapling":7,"minecraft:diorite":69,"minecraft:spruce_log":106,"minecraft:gold_ore":5,"minecraft:redstone":78,"minecraft:spider_eye":1,"minecraft:rotten_flesh":2,"minecraft:granite":33,"minecraft:gold_ingot":1,"minecraft:coal":127,"minecraft:cobblestone":668,"minecraft:ender_pearl":1},"minecraft:custom":{"minecraft:interact_with_furnace":35,"minecraft:mob_kills":8,"minecraft:interact_with_crafting_table":18,"minecraft:play_one_minute":161121,"minecraft:leave_game":2,"minecraft:time_since_death":137955,"minecraft:sleep_in_bed":1,"minecraft:time_since_rest":108340,"minecraft:sprint_one_cm":34700,"minecraft:damage_taken":748,"minecraft:walk_one_cm":148777,"minecraft:drop":6,"minecraft:damage_dealt":1833,"minecraft:swim_one_cm":18053,"minecraft:talked_to_villager":4,"minecraft:fly_one_cm":679506,"minecraft:open_chest":26,"minecraft:crouch_one_cm":903,"minecraft:deaths":1,"minecraft:sneak_time":2894,"minecraft:walk_under_water_one_cm":24535,"minecraft:jump":606,"minecraft:walk_on_water_one_cm":22594,"minecraft:fall_one_cm":2489},"minecraft:mined":{"minecraft:podzol":2,"minecraft:brown_mushroom":8,"minecraft:crafting_table":1,"minecraft:torch":4,"minecraft:grass_block":83,"minecraft:chest":1,"minecraft:campfire":1,"minecraft:spruce_leaves":16,"minecraft:wall_torch":1,"minecraft:blue_bed":2,"minecraft:spruce_stairs":2,"minecraft:furnace":4,"minecraft:sweet_berry_bush":8,"minecraft:spruce_log":89,"minecraft:pumpkin":5,"minecraft:coal_ore":37,"minecraft:sand":3,"minecraft:dirt":52,"minecraft:stone":14}},"DataVersion":1976}