{"stats":{"minecraft:dropped":{"minecraft:acacia_boat":1,"minecraft:cobblestone":192,"minecraft:oak_stairs":1,"minecraft:jungle_boat":1,"minecraft:dark_oak_boat":1,"minecraft:gravel":2,"minecraft:oak_planks":13,"minecraft:spruce_boat":1,"minecraft:shield":1,"minecraft:oak_boat":1,"minecraft:birch_boat":1},"minecraft:killed":{"minecraft:witch":1,"minecraft:spider":1,"minecraft:drowned":1,"minecraft:wandering_trader":1,"minecraft:trader_llama":2,"minecraft:zombie":1},"minecraft:picked_up":{"minecraft:charcoal":2,"minecraft:crafting_table":1,"minecraft:wheat":1,"minecraft:brown_mushroom":8,"minecraft:oak_stairs":1,"minecraft:string":2,"minecraft:oak_boat":1,"minecraft:chest":1,"minecraft:furnace":4,"minecraft:stick":5,"minecraft:sandstone":27,"minecraft:torch":5,"minecraft:diorite":69,"minecraft:redstone":78,"minecraft:rotten_flesh":2,"minecraft:gold_ingot":1,"minecraft:cobblestone":668,"minecraft:jungle_boat":1,"minecraft:andesite":36,"minecraft:dark_oak_boat":1,"minecraft:flint":1,"minecraft:gunpowder":2,"minecraft:acacia_boat":1,"minecraft:dirt":243,"minecraft:blue_bed":2,"minecraft:kelp":1,"minecraft:wheat_seeds":3,"minecraft:iron_ore":97,"minecraft:oak_planks":13,"minecraft:sweet_berries":20,"minecraft:birch_boat":1,"minecraft:pumpkin":5,"minecraft:gravel":46,"minecraft:sand":70,"minecraft:spruce_sapling":7,"minecraft:spruce_log":106,"minecraft:gold_ore":5,"minecraft:spider_eye":1,"minecraft:spruce_boat":1,"minecraft:granite":33,"minecraft:coal":127,"minecraft:ender_pearl":1},"minecraft:crafted":{"minecraft:furnace":4,"minecraft:iron_boots":1,"minecraft:iron_axe":1,"minecraft:iron_hoe":1,"minecraft:stone_pickaxe":2,"minecraft:chest":2,"minecraft:crafting_table":1,"minecraft:spruce_planks":92,"minecraft:iron_helmet":1,"minecraft:iron_sword":1,"minecraft:cooked_salmon":1,"minecraft:bucket":2,"minecraft:pumpkin_seeds":20,"minecraft:stone_axe":1,"minecraft:air":0,"minecraft:iron_chestplate":1,"minecraft:wooden_hoe":1,"minecraft:shield":2,"minecraft:stick":24,"minecraft:iron_ingot":94,"minecraft:iron_pickaxe":3,"minecraft:iron_shovel":1,"minecraft:iron_leggings":1,"minecraft:torch":44},"minecraft:used":{"minecraft:iron_shovel":134,"minecraft:spruce_slab":30,"minecraft:ladder":5,"minecraft:spruce_planks":203,"minecraft:chest":9,"minecraft:iron_sword":33,"minecraft:structure_block":5,"minecraft:torch":1,"minecraft:hopper":2,"minecraft:spruce_stairs":229,"minecraft:cobblestone_wall":24,"minecraft:carrot":18,"minecraft:oak_wood":50,"minecraft:spruce_fence":11,"minecraft:stripped_spruce_log":68,"minecraft:fern":3,"minecraft:spruce_boat":1,"minecraft:wooden_axe":50,"minecraft:jungle_fence_gate":4,"minecraft:iron_axe":63,"minecraft:lantern":25,"minecraft:grass_block":93,"minecraft:oak_stairs":100,"minecraft:dark_oak_slab":125,"minecraft:stone_bricks":129,"minecraft:dark_oak_boat":9,"minecraft:tall_grass":3,"minecraft:furnace":6,"minecraft:oak_sapling":1,"minecraft:stone_pressure_plate":6,"minecraft:stripped_spruce_wood":83,"minecraft:wheat_seeds":40,"minecraft:acacia_boat":3,"minecraft:cobblestone_stairs":18,"minecraft:spruce_door":9,"minecraft:birch_planks":134,"minecraft:stone_pickaxe":42,"minecraft:oak_planks":674,"minecraft:wooden_pickaxe":14,"minecraft:birch_boat":4,"minecraft:blue_bed":2,"minecraft:cobblestone_slab":1,"minecraft:jungle_boat":3,"minecraft:oak_leaves":15,"minecraft:sand":1,"minecraft:crafting_table":2,"minecraft:acacia_leaves":3,"minecraft:campfire":19,"minecraft:stone_brick_wall":229,"minecraft:spruce_log":16,"minecraft:oak_log":71,"minecraft:lever":3,"minecraft:wooden_hoe":69,"minecraft:command_block":2,"minecraft:birch_slab":147,"minecraft:stone_button":1,"minecraft:spruce_trapdoor":98,"minecraft:iron_door":2,"minecraft:stone_axe":35,"minecraft:cobblestone":312,"minecraft:glass_pane":36,"minecraft:grass_path":22,"minecraft:oak_boat":3,"minecraft:smooth_stone":213,"minecraft:bone_meal":165,"minecraft:birch_stairs":284},"minecraft:mined":{"minecraft:grass_block":83,"minecraft:spruce_leaves":16,"minecraft:furnace":4,"minecraft:pumpkin":5,"minecraft:stone":14,"minecraft:podzol":2,"minecraft:brown_mushroom":8,"minecraft:crafting_table":1,"minecraft:torch":4,"minecraft:chest":1,"minecraft:campfire":1,"minecraft:blue_bed":2,"minecraft:wall_torch":1,"minecraft:spruce_stairs":2,"minecraft:sweet_berry_bush":8,"minecraft:spruce_log":89,"minecraft:coal_ore":37,"minecraft:sand":3,"minecraft:dirt":52},"minecraft:custom":{"minecraft:mob_kills":8,"minecraft:interact_with_crafting_table":18,"minecraft:leave_game":3,"minecraft:time_since_death":2134,"minecraft:climb_one_cm":2794,"minecraft:sprint_one_cm":40625,"minecraft:walk_one_cm":284270,"minecraft:drop":13,"minecraft:talked_to_villager":4,"minecraft:deaths":2,"minecraft:sneak_time":5054,"minecraft:walk_under_water_one_cm":34335,"minecraft:boat_one_cm":51952,"minecraft:jump":886,"minecraft:walk_on_water_one_cm":33487,"minecraft:interact_with_furnace":35,"minecraft:play_one_minute":276667,"minecraft:sleep_in_bed":1,"minecraft:time_since_rest":2158,"minecraft:damage_taken":748,"minecraft:damage_dealt":1833,"minecraft:swim_one_cm":18053,"minecraft:fly_one_cm":1193386,"minecraft:open_chest":28,"minecraft:crouch_one_cm":1360,"minecraft:fall_one_cm":2489}},"DataVersion":1976}